Timestamp,ID_1,ID_2,ID_3,ID_4,ID_5,ID_6,ambient_temp,humidity,rain,weather_code,cloud_cover,wind_speed
2026-04-12 01:15:57,33.9,32.9,35.8,36.9,29.2,35.9,27.2,78,0.0,0,7,6.5
2026-04-12 01:16:58,33.9,33.1,35.9,36.8,29.9,35.8,27.2,78,0.0,0,7,6.5
2026-04-12 01:18:59,34.2,33.1,36.4,36.8,30.1,36.2,27.2,78,0.0,0,7,6.5
2026-04-12 01:19:59,34.2,33.4,36.2,37.1,29.9,36.2,27.2,78,0.0,0,7,6.5
2026-04-12 01:21:00,34.0,33.1,36.4,36.5,30.3,36.4,27.2,78,0.0,0,7,6.5
2026-04-12 01:22:00,34.2,32.3,35.4,36.8,29.9,35.7,27.2,78,0.0,0,7,6.5
2026-04-12 01:23:01,34.0,32.1,35.3,36.1,29.2,35.7,27.2,78,0.0,0,7,6.5
2026-04-12 01:24:01,34.0,32.1,35.3,36.6,29.7,35.0,27.2,78,0.0,0,7,6.5
2026-04-12 01:25:02,33.7,32.6,35.4,36.8,29.7,35.7,27.2,78,0.0,0,7,6.5
2026-04-12 01:26:02,34.3,32.6,35.5,36.6,29.6,35.7,27.2,78,0.0,0,7,6.5
2026-04-12 01:27:03,34.7,32.9,35.2,37.2,29.9,35.9,27.2,78,0.0,0,7,6.5
2026-04-12 01:28:03,33.9,32.8,35.2,37.0,29.5,35.8,27.2,78,0.0,0,7,6.5
2026-04-12 01:29:03,34.1,32.4,35.1,36.9,30.1,35.9,27.2,78,0.0,0,7,6.5
2026-04-12 01:30:04,34.0,32.4,35.0,36.5,29.4,35.4,27.2,78,0.0,0,7,6.5
2026-04-12 01:31:04,33.4,32.1,35.0,36.6,29.5,35.8,27.2,78,0.0,0,7,6.5
2026-04-12 01:32:05,34.3,32.5,35.0,37.0,29.5,35.5,27.2,78,0.0,0,7,6.5
2026-04-12 01:33:05,33.3,32.8,35.0,36.6,29.2,35.9,27.2,78,0.0,0,7,6.5
2026-04-12 01:34:06,33.7,32.3,34.7,36.3,30.2,35.6,27.2,78,0.0,0,7,6.5
2026-04-12 01:36:07,33.5,32.2,34.7,37.0,29.6,35.6,27.2,78,0.0,0,7,6.5
2026-04-12 01:37:07,33.2,32.1,34.2,36.3,29.3,35.3,27.2,78,0.0,0,7,6.5
2026-04-12 01:38:08,33.2,32.1,34.5,36.0,29.4,35.1,27.2,78,0.0,0,7,6.5
2026-04-12 01:39:08,33.4,32.1,34.8,36.1,29.3,35.7,27.2,78,0.0,0,7,6.5
2026-04-12 01:40:09,33.5,32.1,34.2,36.3,29.4,36.0,27.2,78,0.0,0,7,6.5
2026-04-12 01:41:09,33.8,32.1,34.5,36.7,30.1,35.8,27.2,78,0.0,0,7,6.5
2026-04-12 01:42:10,33.8,32.0,34.8,36.7,30.0,35.7,27.2,78,0.0,0,7,6.5
2026-04-12 01:43:10,33.5,32.5,34.9,36.5,30.5,35.7,27.2,78,0.0,0,7,6.5
2026-04-12 01:44:10,34.1,32.3,35.2,36.5,30.2,35.7,27.2,78,0.0,0,7,6.5
2026-04-12 01:45:11,34.2,33.3,35.1,36.8,30.6,36.6,27.2,78,0.0,0,7,6.5
2026-04-12 01:46:11,34.3,32.4,35.3,37.0,30.6,36.2,27.2,78,0.0,0,7,6.5
2026-04-12 01:47:12,34.0,32.6,34.7,37.0,30.0,36.6,27.2,78,0.0,0,7,6.5
2026-04-12 01:48:12,34.0,32.6,34.8,36.6,30.3,35.8,27.2,78,0.0,0,7,6.5
2026-04-12 01:49:13,34.2,32.7,34.7,36.9,30.8,36.1,27.2,78,0.0,0,7,6.5
2026-04-12 01:50:13,34.2,33.2,35.0,36.6,30.5,36.1,27.2,78,0.0,0,7,6.5
2026-04-12 01:51:14,33.5,32.6,34.8,36.1,29.4,35.5,27.2,78,0.0,0,7,6.5
2026-04-12 01:52:14,33.6,32.4,34.2,35.5,29.8,35.3,27.2,78,0.0,0,7,6.5
2026-04-12 01:53:15,33.6,32.4,34.3,36.6,29.8,35.5,27.2,78,0.0,0,7,6.5
2026-04-12 01:54:15,34.2,32.4,34.4,36.6,29.8,35.7,27.2,78,0.0,0,7,6.5
2026-04-12 01:55:16,33.3,31.9,34.3,36.1,29.4,35.4,27.2,78,0.0,0,7,6.5
2026-04-12 01:56:16,33.6,32.7,34.8,36.8,28.9,35.4,27.2,78,0.0,0,7,6.5
2026-04-12 01:57:17,33.4,32.3,34.1,36.5,29.6,35.1,27.2,78,0.0,0,7,6.5
2026-04-12 01:58:17,33.9,32.1,34.1,36.2,29.1,35.5,27.2,78,0.0,0,7,6.5
2026-04-12 01:59:18,33.9,32.7,34.4,36.6,29.8,35.6,27.2,78,0.0,0,7,6.5
2026-04-12 02:00:18,33.9,32.3,34.7,36.5,29.8,35.5,27.0,80,0.0,0,8,5.1
2026-04-12 02:01:19,33.4,32.0,34.7,36.3,29.9,35.0,27.0,80,0.0,0,8,5.1
2026-04-12 02:02:19,33.6,33.3,34.5,36.5,29.8,35.2,27.0,80,0.0,0,8,5.1
2026-04-12 02:03:19,33.7,32.3,34.3,36.1,29.4,35.0,27.0,80,0.0,0,8,5.1
2026-04-12 02:04:20,33.1,32.3,34.3,36.1,29.6,35.6,27.0,80,0.0,0,8,5.1
2026-04-12 02:05:20,33.4,32.1,34.3,36.2,29.4,34.8,27.0,80,0.0,0,8,5.1
2026-04-12 02:06:21,33.3,32.1,34.4,36.0,29.3,35.5,27.0,80,0.0,0,8,5.1
2026-04-12 02:07:21,33.7,32.4,34.4,36.2,29.5,35.1,27.0,80,0.0,0,8,5.1
2026-04-12 02:08:22,33.3,32.4,33.8,36.3,29.6,35.3,27.0,80,0.0,0,8,5.1
2026-04-12 02:09:22,33.4,32.0,34.5,36.2,30.3,35.3,27.0,80,0.0,0,8,5.1
2026-04-12 02:10:23,33.8,32.7,34.5,36.6,29.5,35.6,27.0,80,0.0,0,8,5.1
2026-04-12 02:11:23,33.4,32.5,34.1,36.7,29.5,35.2,27.0,80,0.0,0,8,5.1
2026-04-12 02:12:24,33.4,32.1,34.1,37.2,29.8,35.8,27.0,80,0.0,0,8,5.1
2026-04-12 02:13:24,33.7,32.8,34.7,37.0,29.8,35.5,27.0,80,0.0,0,8,5.1
2026-04-12 02:14:25,33.7,32.4,33.8,36.8,30.0,36.0,27.0,80,0.0,0,8,5.1
2026-04-12 02:15:25,33.3,32.1,34.2,36.0,29.5,34.9,27.0,80,0.0,0,8,5.1
2026-04-12 02:16:26,33.0,31.2,33.4,35.5,29.3,34.7,27.0,80,0.0,0,8,5.1
2026-04-12 02:17:26,33.0,32.1,33.1,35.6,29.0,34.8,27.0,80,0.0,0,8,5.1
2026-04-12 02:18:27,33.1,32.2,34.0,35.6,29.3,34.8,27.0,80,0.0,0,8,5.1
2026-04-12 02:19:27,33.1,32.1,33.7,36.3,29.3,34.8,27.0,80,0.0,0,8,5.1
2026-04-12 02:20:28,32.5,32.1,33.8,36.2,28.8,34.9,27.0,80,0.0,0,8,5.1
2026-04-12 02:21:28,33.5,32.0,33.8,37.0,29.6,35.3,27.0,80,0.0,0,8,5.1
2026-04-12 02:22:29,33.4,32.5,34.0,36.6,29.3,35.5,27.0,80,0.0,0,8,5.1
2026-04-12 02:23:29,33.8,32.4,34.1,36.6,29.3,35.6,27.0,80,0.0,0,8,5.1
2026-04-12 02:24:30,33.8,32.2,34.2,36.4,30.3,35.5,27.0,80,0.0,0,8,5.1
2026-04-12 02:25:30,33.8,32.2,34.5,36.7,29.6,35.8,27.0,80,0.0,0,8,5.1
2026-04-12 02:26:30,33.5,32.7,34.4,36.4,29.6,35.6,27.0,80,0.0,0,8,5.1
2026-04-12 02:27:31,34.0,32.1,34.5,35.8,29.6,34.9,27.0,80,0.0,0,8,5.1
2026-04-12 02:28:31,33.8,32.2,34.5,35.9,29.6,35.3,27.0,80,0.0,0,8,5.1
2026-04-12 02:29:32,33.4,32.4,34.1,36.4,29.8,35.8,27.0,80,0.0,0,8,5.1
2026-04-12 02:30:32,33.3,32.5,34.1,36.4,30.0,34.9,27.0,80,0.0,0,8,5.1
2026-04-12 02:31:33,33.3,32.0,34.5,36.6,29.8,35.8,27.0,80,0.0,0,8,5.1
2026-04-12 02:32:33,33.7,32.2,34.2,36.4,29.6,35.5,27.0,80,0.0,0,8,5.1
2026-04-12 02:33:34,34.1,32.4,34.4,36.4,29.8,35.2,27.0,80,0.0,0,8,5.1
2026-04-12 02:34:34,33.7,32.2,34.2,36.6,30.0,35.2,27.0,80,0.0,0,8,5.1
2026-04-12 02:35:35,33.5,32.1,33.8,36.4,29.3,35.6,27.0,80,0.0,0,8,5.1
2026-04-12 02:36:35,33.8,32.4,34.7,36.4,29.2,35.3,27.0,80,0.0,0,8,5.1
2026-04-12 02:37:36,33.3,31.5,34.7,35.9,29.8,35.3,27.0,80,0.0,0,8,5.1
2026-04-12 02:38:36,33.5,32.0,33.8,36.0,29.2,35.2,27.0,80,0.0,0,8,5.1
2026-04-12 02:39:36,33.5,32.0,33.8,35.8,29.6,35.3,27.0,80,0.0,0,8,5.1
2026-04-12 02:40:37,33.0,32.5,33.8,35.3,30.0,35.2,27.0,80,0.0,0,8,5.1
2026-04-12 02:41:37,32.8,32.1,33.7,35.9,29.6,35.3,27.0,80,0.0,0,8,5.1
2026-04-12 02:42:38,33.3,31.8,33.8,35.8,29.6,35.1,27.0,80,0.0,0,8,5.1
2026-04-12 02:43:38,33.0,32.0,33.7,35.9,29.2,35.5,27.0,80,0.0,0,8,5.1
2026-04-12 02:44:38,32.8,32.5,34.2,36.2,29.3,35.2,27.0,80,0.0,0,8,5.1
2026-04-12 02:45:39,33.3,32.2,33.7,35.8,29.6,34.8,27.0,80,0.0,0,8,5.1
2026-04-12 02:46:39,33.4,32.2,34.1,36.0,29.3,35.9,27.0,80,0.0,0,8,5.1
2026-04-12 02:47:40,33.4,32.4,33.7,36.6,29.2,35.2,27.0,80,0.0,0,8,5.1
2026-04-12 02:48:40,33.1,32.2,34.0,36.4,29.6,35.1,27.0,80,0.0,0,8,5.1
2026-04-12 02:49:41,33.0,32.1,34.2,36.6,28.8,35.5,27.0,80,0.0,0,8,5.1
2026-04-12 02:50:41,33.4,32.5,34.2,36.6,29.5,35.5,27.0,80,0.0,0,8,5.1
2026-04-12 02:51:42,32.7,31.8,33.7,36.3,29.2,35.5,27.0,80,0.0,0,8,5.1
2026-04-12 02:52:42,33.3,32.7,34.1,36.3,29.6,35.2,27.0,80,0.0,0,8,5.1
2026-04-12 02:53:43,33.4,31.8,34.0,36.4,29.3,35.8,27.0,80,0.0,0,8,5.1
2026-04-12 02:54:43,33.4,32.1,33.7,36.0,29.5,35.2,27.0,80,0.0,0,8,5.1
2026-04-12 02:55:44,33.4,31.8,34.1,36.4,29.0,35.8,27.0,80,0.0,0,8,5.1
2026-04-12 02:56:44,33.1,32.4,34.0,36.0,29.5,34.9,27.0,80,0.0,0,8,5.1
2026-04-12 02:57:45,33.4,32.0,33.7,35.9,29.6,34.9,27.0,80,0.0,0,8,5.1
2026-04-12 02:58:45,33.4,31.7,33.7,35.6,29.3,34.7,27.0,80,0.0,0,8,5.1
2026-04-12 02:59:46,32.5,31.8,33.7,35.8,29.2,34.8,27.0,80,0.0,0,8,5.1
2026-04-12 03:00:46,32.8,32.0,34.0,35.6,29.5,35.1,26.7,82,0.0,0,3,5.0
2026-04-12 03:01:47,32.8,31.4,32.8,35.5,28.5,34.7,26.7,82,0.0,0,3,5.0
2026-04-12 03:02:47,33.2,32.4,33.7,36.3,29.0,35.4,26.7,82,0.0,0,3,5.0
2026-04-12 03:03:48,33.1,32.1,33.7,36.0,29.3,35.0,26.7,82,0.0,0,3,5.0
2026-04-12 03:04:48,33.4,32.2,33.8,36.0,29.9,35.1,26.7,82,0.0,0,3,5.0
2026-04-12 03:05:48,32.9,32.3,33.8,36.1,29.4,35.1,26.7,82,0.0,0,3,5.0
2026-04-12 03:06:49,33.0,31.7,33.8,36.0,29.7,35.4,26.7,82,0.0,0,3,5.0
2026-04-12 03:07:49,33.3,32.0,33.6,35.7,29.5,35.4,26.7,82,0.0,0,3,5.0
2026-04-12 03:08:50,33.6,32.8,33.8,36.1,29.1,35.1,26.7,82,0.0,0,3,5.0
2026-04-12 03:09:50,33.5,32.3,33.8,36.1,30.2,35.1,26.7,82,0.0,0,3,5.0
2026-04-12 03:10:51,33.2,32.5,33.6,35.7,30.0,35.0,26.7,82,0.0,0,3,5.0
2026-04-12 03:11:51,33.3,32.6,33.3,36.0,29.8,35.3,26.7,82,0.0,0,3,5.0
2026-04-12 03:12:52,33.5,32.0,33.5,36.0,29.8,35.3,26.7,82,0.0,0,3,5.0
2026-04-12 03:13:52,33.3,31.9,33.5,36.0,29.3,35.3,26.7,82,0.0,0,3,5.0
2026-04-12 03:14:53,33.0,32.2,32.8,36.0,28.5,34.6,26.7,82,0.0,0,3,5.0
2026-04-12 03:15:53,33.5,31.9,33.3,35.7,28.8,34.8,26.7,82,0.0,0,3,5.0
2026-04-12 03:16:54,33.5,32.1,33.0,36.3,29.1,35.0,26.7,82,0.0,0,3,5.0
2026-04-12 03:17:54,32.9,32.0,33.2,35.2,29.1,34.7,26.7,82,0.0,0,3,5.0
2026-04-12 03:18:55,33.1,31.8,32.7,35.2,29.1,34.4,26.7,82,0.0,0,3,5.0
2026-04-12 03:19:55,33.3,31.8,33.0,35.4,28.9,34.8,26.7,82,0.0,0,3,5.0
2026-04-12 03:20:56,33.0,31.8,32.7,35.0,29.2,34.4,26.7,82,0.0,0,3,5.0
2026-04-12 03:21:56,32.7,31.9,33.2,35.2,29.3,35.2,26.7,82,0.0,0,3,5.0
2026-04-12 03:22:57,32.2,31.8,33.4,35.2,28.8,35.0,26.7,82,0.0,0,3,5.0
2026-04-12 03:23:57,32.8,31.5,32.8,35.0,29.5,35.0,26.7,82,0.0,0,3,5.0
2026-04-12 03:24:58,33.4,32.6,33.5,35.8,30.1,35.4,26.7,82,0.0,0,3,5.0
2026-04-12 03:25:58,33.5,32.6,33.8,36.0,30.3,35.7,26.7,82,0.0,0,3,5.0
2026-04-12 03:26:59,33.5,32.4,33.5,35.7,30.1,35.0,26.7,82,0.0,0,3,5.0
2026-04-12 03:29:00,33.2,32.2,33.8,36.3,29.8,35.2,26.7,82,0.0,0,3,5.0
2026-04-12 03:30:00,33.3,32.9,33.7,36.4,30.1,35.2,26.7,82,0.0,0,3,5.0
2026-04-12 03:31:01,33.6,32.6,34.0,36.1,29.8,35.6,26.7,82,0.0,0,3,5.0
2026-04-12 03:32:01,33.3,32.1,33.7,36.0,30.1,35.1,26.7,82,0.0,0,3,5.0
2026-04-12 03:33:02,33.6,32.4,33.7,35.8,29.8,34.8,26.7,82,0.0,0,3,5.0
2026-04-12 03:34:03,33.6,32.7,34.0,36.0,30.6,35.6,26.7,82,0.0,0,3,5.0
2026-04-12 03:35:04,32.9,32.0,33.2,35.6,29.6,34.7,26.7,82,0.0,0,3,5.0
2026-04-12 03:36:04,32.4,31.7,33.3,36.0,29.8,35.1,26.7,82,0.0,0,3,5.0
2026-04-12 03:37:05,33.0,31.8,34.0,36.2,29.3,35.2,26.7,82,0.0,0,3,5.0
2026-04-12 03:38:05,32.7,32.0,33.2,35.6,29.3,34.8,26.7,82,0.0,0,3,5.0
2026-04-12 03:39:06,33.3,31.8,33.5,36.0,29.4,35.6,26.7,82,0.0,0,3,5.0
2026-04-12 03:41:07,32.8,32.2,32.9,36.7,29.9,35.2,26.7,82,0.0,0,3,5.0
2026-04-12 03:42:07,32.8,32.2,33.6,36.4,29.8,35.4,26.7,82,0.0,0,3,5.0
2026-04-12 03:43:08,32.6,31.6,32.5,36.1,29.5,34.7,26.7,82,0.0,0,3,5.0
2026-04-12 03:44:08,32.8,31.6,33.1,36.3,29.1,35.0,26.7,82,0.0,0,3,5.0
2026-04-12 03:45:09,32.9,31.6,33.4,35.7,29.0,35.5,26.7,82,0.0,0,3,5.0
2026-04-12 03:46:09,32.9,31.8,33.1,35.9,29.2,35.0,26.7,82,0.0,0,3,5.0
2026-04-12 03:47:10,33.3,32.6,34.0,36.5,29.4,35.4,26.7,82,0.0,0,3,5.0
2026-04-12 03:48:10,33.0,31.8,33.4,35.4,29.1,34.8,26.7,82,0.0,0,3,5.0
2026-04-12 03:49:11,33.0,32.1,33.3,35.6,29.4,35.8,26.7,82,0.0,0,3,5.0
2026-04-12 03:50:11,33.3,32.1,33.3,35.9,28.9,35.4,26.7,82,0.0,0,3,5.0
2026-04-12 03:51:12,33.3,31.8,33.6,35.9,29.1,35.2,26.7,82,0.0,0,3,5.0
2026-04-12 03:52:12,33.4,31.7,33.6,35.8,29.5,34.9,26.7,82,0.0,0,3,5.0
2026-04-12 03:53:13,32.9,31.6,33.7,35.9,29.5,34.4,26.7,82,0.0,0,3,5.0
2026-04-12 03:54:13,32.6,32.0,33.7,35.8,28.8,34.5,26.7,82,0.0,0,3,5.0
2026-04-12 03:55:14,33.0,32.4,33.6,35.6,28.9,34.8,26.7,82,0.0,0,3,5.0
2026-04-12 03:56:14,33.7,32.1,33.8,35.7,28.9,35.0,26.7,82,0.0,0,3,5.0
2026-04-12 03:57:15,33.3,31.6,33.6,35.2,29.3,34.9,26.7,82,0.0,0,3,5.0
2026-04-12 03:58:15,32.6,32.4,33.8,35.9,29.3,35.0,26.7,82,0.0,0,3,5.0
2026-04-12 03:59:15,33.2,32.1,33.8,35.6,29.1,34.9,26.7,82,0.0,0,3,5.0
2026-04-12 04:00:16,33.0,32.1,33.3,35.4,28.6,34.8,26.5,84,0.0,0,2,5.0
2026-04-12 04:01:16,33.3,31.8,34.0,35.8,29.8,34.9,26.5,84,0.0,0,2,5.0
2026-04-12 04:02:17,32.9,32.1,33.6,35.6,29.3,35.2,26.5,84,0.0,0,2,5.0
2026-04-12 04:03:17,33.0,31.8,33.4,35.7,29.1,34.8,26.5,84,0.0,0,2,5.0
2026-04-12 04:04:18,33.0,32.3,33.8,36.1,29.1,35.0,26.5,84,0.0,0,2,5.0
2026-04-12 04:05:18,32.7,31.8,32.9,35.4,28.9,34.9,26.5,84,0.0,0,2,5.0
2026-04-12 04:06:19,32.0,31.7,33.3,35.2,29.1,34.4,26.5,84,0.0,0,2,5.0
2026-04-12 04:07:19,33.3,32.0,33.4,35.3,29.3,35.0,26.5,84,0.0,0,2,5.0
2026-04-12 04:08:20,31.8,31.4,33.3,34.9,29.3,34.7,26.5,84,0.0,0,2,5.0
2026-04-12 04:09:20,32.4,32.0,33.6,35.2,28.9,34.7,26.5,84,0.0,0,2,5.0
2026-04-12 04:10:20,32.8,31.8,33.3,35.5,29.4,34.8,26.5,84,0.0,0,2,5.0
2026-04-12 04:11:21,32.5,31.8,33.4,35.6,29.2,35.1,26.5,84,0.0,0,2,5.0
2026-04-12 04:12:21,32.8,32.1,33.1,35.6,29.2,34.4,26.5,84,0.0,0,2,5.0
2026-04-12 04:13:22,32.2,31.7,33.1,35.0,29.2,34.4,26.5,84,0.0,0,2,5.0
2026-04-12 04:14:22,32.7,32.2,33.5,35.3,29.2,34.9,26.5,84,0.0,0,2,5.0
2026-04-12 04:15:23,32.5,31.8,33.4,35.2,29.7,34.9,26.5,84,0.0,0,2,5.0
2026-04-12 04:16:23,32.1,31.2,32.7,35.2,29.3,34.6,26.5,84,0.0,0,2,5.0
2026-04-12 04:17:24,32.4,31.7,33.4,35.3,29.3,35.0,26.5,84,0.0,0,2,5.0
2026-04-12 04:18:24,32.8,31.6,33.2,35.3,29.8,34.9,26.5,84,0.0,0,2,5.0
2026-04-12 04:19:25,32.5,32.2,33.2,35.4,30.0,35.2,26.5,84,0.0,0,2,5.0
2026-04-12 04:20:25,32.4,31.6,32.9,35.4,29.0,34.7,26.5,84,0.0,0,2,5.0
2026-04-12 04:21:26,31.9,31.9,32.6,35.3,29.1,34.7,26.5,84,0.0,0,2,5.0
2026-04-12 04:22:26,32.1,31.9,33.2,35.3,29.3,34.6,26.5,84,0.0,0,2,5.0
2026-04-12 04:23:27,32.2,31.6,33.2,35.3,29.1,34.7,26.5,84,0.0,0,2,5.0
2026-04-12 04:24:27,32.5,31.3,33.1,35.4,29.3,34.7,26.5,84,0.0,0,2,5.0
2026-04-12 04:25:27,32.6,31.8,33.0,34.9,29.8,34.5,26.5,84,0.0,0,2,5.0
2026-04-12 04:26:28,32.4,31.7,33.0,35.1,29.4,34.9,26.5,84,0.0,0,2,5.0
2026-04-12 04:27:28,32.6,31.2,33.3,35.2,29.3,34.3,26.5,84,0.0,0,2,5.0
2026-04-12 04:28:29,32.6,32.1,33.2,35.2,29.6,34.9,26.5,84,0.0,0,2,5.0
2026-04-12 04:29:29,32.3,31.5,33.2,35.1,29.9,34.9,26.5,84,0.0,0,2,5.0
2026-04-12 04:30:30,32.4,31.3,33.0,35.6,29.1,35.2,26.5,84,0.0,0,2,5.0
2026-04-12 04:31:30,33.0,31.8,33.0,35.6,29.6,34.7,26.5,84,0.0,0,2,5.0
2026-04-12 04:34:31,32.3,32.3,32.6,35.3,29.1,35.1,26.5,84,0.0,0,2,5.0
2026-04-12 04:35:32,32.7,31.7,33.3,35.3,29.1,34.4,26.5,84,0.0,0,2,5.0
2026-04-12 04:36:32,32.0,31.7,32.7,35.1,29.1,34.9,26.5,84,0.0,0,2,5.0
2026-04-12 04:37:33,32.0,31.3,32.9,35.5,29.0,34.5,26.5,84,0.0,0,2,5.0
2026-04-12 04:38:33,32.0,31.5,32.9,35.6,29.3,34.5,26.5,84,0.0,0,2,5.0
2026-04-12 04:39:34,32.7,32.0,33.2,35.7,29.1,34.9,26.5,84,0.0,0,2,5.0
2026-04-12 04:40:34,32.6,31.5,33.2,35.7,28.6,34.9,26.5,84,0.0,0,2,5.0
2026-04-12 04:41:34,32.6,31.3,33.1,36.1,29.1,35.0,26.5,84,0.0,0,2,5.0
2026-04-12 04:42:35,32.6,31.9,33.1,35.4,28.8,35.2,26.5,84,0.0,0,2,5.0
2026-04-12 04:43:35,32.8,32.1,33.1,36.1,29.6,35.3,26.5,84,0.0,0,2,5.0
2026-04-12 04:44:36,32.3,32.1,32.3,35.8,29.0,35.0,26.5,84,0.0,0,2,5.0
2026-04-12 04:45:36,32.7,31.8,32.7,35.2,29.2,34.5,26.5,84,0.0,0,2,5.0
2026-04-12 04:46:37,32.1,31.8,32.8,35.2,29.2,35.5,26.5,84,0.0,0,2,5.0
2026-04-12 04:47:37,32.5,31.4,33.2,35.6,29.3,35.2,26.5,84,0.0,0,2,5.0
2026-04-12 04:48:38,32.8,32.2,33.3,36.0,29.6,35.2,26.5,84,0.0,0,2,5.0
2026-04-12 04:49:38,32.3,31.8,33.0,35.6,28.7,34.8,26.5,84,0.0,0,2,5.0
2026-04-12 04:50:39,32.8,32.0,33.0,36.0,29.6,35.2,26.5,84,0.0,0,2,5.0
2026-04-12 04:51:39,32.8,32.4,33.6,35.9,28.7,34.9,26.5,84,0.0,0,2,5.0
2026-04-12 04:52:40,33.1,32.3,33.1,35.5,29.3,35.1,26.5,84,0.0,0,2,5.0
2026-04-12 04:53:40,32.8,31.5,33.3,35.5,28.9,34.8,26.5,84,0.0,0,2,5.0
2026-04-12 04:54:41,32.8,32.4,33.4,35.9,29.6,35.4,26.5,84,0.0,0,2,5.0
2026-04-12 04:55:41,33.4,32.3,33.4,36.2,29.4,35.4,26.5,84,0.0,0,2,5.0
2026-04-12 04:56:42,32.6,32.6,33.8,36.5,29.8,35.6,26.5,84,0.0,0,2,5.0
2026-04-12 04:57:42,32.7,32.1,33.4,36.0,29.1,35.4,26.5,84,0.0,0,2,5.0
2026-04-12 04:58:43,32.7,32.4,33.8,36.0,29.8,35.8,26.5,84,0.0,0,2,5.0
2026-04-12 04:59:43,32.4,32.6,33.3,35.8,28.9,35.6,26.5,84,0.0,0,2,5.0
2026-04-12 05:00:44,32.7,32.3,33.3,35.5,28.6,35.1,26.2,86,0.0,0,0,4.4
2026-04-12 05:01:44,32.8,32.7,33.1,36.5,30.1,35.8,26.2,86,0.0,0,0,4.4
2026-04-12 05:02:44,33.4,32.7,33.3,35.6,30.0,35.1,26.2,86,0.0,0,0,4.4
2026-04-12 05:03:45,33.0,32.8,33.4,35.6,28.7,35.5,26.2,86,0.0,0,0,4.4
2026-04-12 05:04:45,33.1,32.0,33.4,36.2,29.3,35.1,26.2,86,0.0,0,0,4.4
2026-04-12 05:05:46,33.0,32.3,33.3,35.4,28.4,35.2,26.2,86,0.0,0,0,4.4
2026-04-12 05:06:46,32.7,32.4,33.1,35.5,28.6,34.8,26.2,86,0.0,0,0,4.4
2026-04-12 05:07:47,32.8,32.3,33.1,34.8,28.9,35.6,26.2,86,0.0,0,0,4.4
2026-04-12 05:08:47,32.3,31.8,32.4,35.6,28.2,34.5,26.2,86,0.0,0,0,4.4
2026-04-12 05:09:48,32.0,31.8,33.0,35.6,28.1,34.8,26.2,86,0.0,0,0,4.4
2026-04-12 05:10:48,33.4,32.4,33.3,35.9,28.7,35.1,26.2,86,0.0,0,0,4.4
2026-04-12 05:11:49,32.3,32.0,32.6,35.5,28.2,34.9,26.2,86,0.0,0,0,4.4
2026-04-12 05:12:49,32.7,32.3,32.8,35.2,29.1,34.8,26.2,86,0.0,0,0,4.4
2026-04-12 05:13:50,32.7,32.1,33.1,35.8,28.4,34.5,26.2,86,0.0,0,0,4.4
2026-04-12 05:14:50,33.1,31.8,33.3,35.8,28.2,34.9,26.2,86,0.0,0,0,4.4
2026-04-12 05:15:51,33.0,32.4,33.6,35.9,28.6,35.4,26.2,86,0.0,0,0,4.4
2026-04-12 05:16:51,33.3,32.3,33.7,35.6,28.9,34.8,26.2,86,0.0,0,0,4.4
2026-04-12 05:17:52,33.6,32.3,33.3,35.5,28.7,34.7,26.2,86,0.0,0,0,4.4
2026-04-12 05:18:52,33.0,32.0,33.3,35.8,28.7,35.4,26.2,86,0.0,0,0,4.4
2026-04-12 05:19:53,32.8,32.5,32.8,35.8,28.2,35.1,26.2,86,0.0,0,0,4.4
2026-04-12 05:20:53,33.3,31.8,33.0,36.2,28.4,34.4,26.2,86,0.0,0,0,4.4
2026-04-12 05:21:54,33.0,32.5,32.8,35.6,28.5,34.6,26.2,86,0.0,0,0,4.4
2026-04-12 05:22:54,32.8,31.8,33.1,35.9,29.2,34.8,26.2,86,0.0,0,0,4.4
2026-04-12 05:23:54,33.1,32.4,33.0,35.6,28.8,34.6,26.2,86,0.0,0,0,4.4
2026-04-12 05:24:55,33.5,32.4,32.8,36.0,28.2,34.6,26.2,86,0.0,0,0,4.4
2026-04-12 05:25:56,33.1,32.6,33.1,35.5,28.4,34.9,26.2,86,0.0,0,0,4.4
2026-04-12 05:26:56,33.3,32.7,33.1,35.6,28.6,34.8,26.2,86,0.0,0,0,4.4
2026-04-12 05:27:56,32.7,32.3,33.1,35.6,28.6,34.9,26.2,86,0.0,0,0,4.4
2026-04-12 05:28:57,33.1,32.0,33.4,35.2,28.1,34.5,26.2,86,0.0,0,0,4.4
2026-04-12 05:29:57,32.6,32.4,33.0,35.6,28.7,35.1,26.2,86,0.0,0,0,4.4
2026-04-12 05:30:58,32.7,32.0,32.8,35.9,28.4,35.2,26.2,86,0.0,0,0,4.4
2026-04-12 05:31:58,33.1,32.1,33.3,35.2,28.4,34.7,26.2,86,0.0,0,0,4.4
2026-04-12 05:32:59,33.3,32.6,33.4,35.6,28.4,35.4,26.2,86,0.0,0,0,4.4
2026-04-12 05:33:59,32.8,32.6,33.0,35.8,28.6,34.7,26.2,86,0.0,0,0,4.4
2026-04-12 05:35:00,33.0,32.6,33.1,35.8,28.9,35.4,26.2,86,0.0,0,0,4.4
2026-04-12 05:36:00,32.1,32.1,33.0,35.6,29.5,35.0,26.2,86,0.0,0,0,4.4
2026-04-12 05:37:01,33.0,32.1,33.3,35.3,29.5,35.2,26.2,86,0.0,0,0,4.4
2026-04-12 05:38:01,33.7,32.3,33.0,35.9,28.9,34.6,26.2,86,0.0,0,0,4.4
2026-04-12 05:39:02,32.7,32.4,33.3,35.4,29.1,34.9,26.2,86,0.0,0,0,4.4
2026-04-12 05:40:02,33.3,32.4,33.4,35.8,28.9,35.8,26.2,86,0.0,0,0,4.4
2026-04-12 05:41:03,33.2,32.1,33.0,35.6,29.5,34.9,26.2,86,0.0,0,0,4.4
2026-04-12 05:42:03,33.3,32.4,32.9,35.6,29.6,34.9,26.2,86,0.0,0,0,4.4
2026-04-12 05:43:04,32.6,32.3,33.7,36.1,29.6,35.7,26.2,86,0.0,0,0,4.4
2026-04-12 05:44:04,32.7,32.3,33.2,35.8,29.5,35.4,26.2,86,0.0,0,0,4.4
2026-04-12 05:45:05,33.2,31.7,32.9,35.0,28.6,34.4,26.2,86,0.0,0,0,4.4
2026-04-12 05:46:05,32.9,32.5,33.0,35.4,29.0,35.1,26.2,86,0.0,0,0,4.4
2026-04-12 05:47:06,32.9,31.9,33.3,36.1,29.3,34.8,26.2,86,0.0,0,0,4.4
2026-04-12 05:48:06,33.2,31.6,33.3,35.7,29.1,34.7,26.2,86,0.0,0,0,4.4
2026-04-12 05:49:06,32.6,32.2,33.2,35.1,28.8,34.4,26.2,86,0.0,0,0,4.4
2026-04-12 05:50:07,32.6,32.2,32.7,35.3,28.6,34.3,26.2,86,0.0,0,0,4.4
2026-04-12 05:51:08,32.5,31.6,32.7,35.0,29.3,34.7,26.2,86,0.0,0,0,4.4
2026-04-12 05:52:08,32.7,32.2,32.5,35.3,28.4,34.4,26.2,86,0.0,0,0,4.4
2026-04-12 05:53:08,33.0,32.0,33.2,35.7,29.5,34.7,26.2,86,0.0,0,0,4.4
2026-04-12 05:54:09,33.5,32.0,33.3,35.5,29.3,35.1,26.2,86,0.0,0,0,4.4
2026-04-12 05:55:09,33.2,32.3,33.0,36.1,29.0,34.7,26.2,86,0.0,0,0,4.4
2026-04-12 05:56:10,32.4,32.1,33.5,35.9,29.5,35.2,26.2,86,0.0,0,0,4.4
2026-04-12 05:57:10,32.3,32.6,33.2,35.9,29.3,34.8,26.2,86,0.0,0,0,4.4
2026-04-12 05:58:11,32.6,31.9,33.0,35.5,28.8,34.8,26.2,86,0.0,0,0,4.4
2026-04-12 05:59:11,32.9,32.0,33.0,35.9,29.3,35.0,26.2,86,0.0,0,0,4.4
2026-04-12 06:00:12,32.6,32.1,33.5,36.1,29.1,35.1,26.0,88,0.0,0,0,4.4
2026-04-12 06:01:12,32.6,32.0,33.2,35.9,29.6,34.8,26.0,88,0.0,0,0,4.4
2026-04-12 06:02:13,32.9,32.4,33.2,36.5,29.1,35.0,26.0,88,0.0,0,0,4.4
2026-04-12 06:03:13,32.9,32.4,33.2,36.3,29.6,35.1,26.0,88,0.0,0,0,4.4
2026-04-12 06:04:14,32.9,32.3,33.5,36.2,29.3,34.8,26.0,88,0.0,0,0,4.4
2026-04-12 06:05:14,33.6,31.9,33.2,35.5,29.8,35.0,26.0,88,0.0,0,0,4.4
2026-04-12 06:06:15,32.6,32.0,33.0,35.4,28.6,34.8,26.0,88,0.0,0,0,4.4
2026-04-12 06:07:15,32.3,32.0,32.9,35.7,29.1,34.8,26.0,88,0.0,0,0,4.4
2026-04-12 06:08:16,32.7,32.0,33.2,35.3,28.6,34.7,26.0,88,0.0,0,0,4.4
2026-04-12 06:09:16,32.6,32.3,33.2,35.7,29.1,34.9,26.0,88,0.0,0,0,4.4
2026-04-12 06:10:16,33.1,32.2,33.1,35.1,29.3,34.8,26.0,88,0.0,0,0,4.4
2026-04-12 06:11:17,32.2,31.9,32.9,35.4,29.3,34.9,26.0,88,0.0,0,0,4.4
2026-04-12 06:12:18,32.9,32.5,33.8,35.7,29.6,35.2,26.0,88,0.0,0,0,4.4
2026-04-12 06:13:18,32.6,31.9,32.9,35.7,29.6,35.0,26.0,88,0.0,0,0,4.4
2026-04-12 06:14:18,33.5,31.8,33.4,35.8,29.6,35.4,26.0,88,0.0,0,0,4.4
2026-04-12 06:15:19,32.8,32.7,33.7,36.0,29.5,35.1,26.0,88,0.0,0,0,4.4
2026-04-12 06:16:19,32.8,32.4,33.5,36.6,29.8,35.0,26.0,88,0.0,0,0,4.4
2026-04-12 06:17:20,33.0,32.5,33.8,35.9,29.4,34.7,26.0,88,0.0,0,0,4.4
2026-04-12 06:18:20,33.1,32.0,33.3,36.3,28.9,35.4,26.0,88,0.0,0,0,4.4
2026-04-12 06:19:21,33.0,32.4,33.6,36.3,29.9,34.8,26.0,88,0.0,0,0,4.4
2026-04-12 06:20:21,33.7,32.9,33.7,36.9,29.8,35.9,26.0,88,0.0,0,0,4.4
2026-04-12 06:21:22,33.5,32.9,33.9,36.9,29.9,35.8,26.0,88,0.0,0,0,4.4
2026-04-12 06:22:22,33.4,32.5,34.1,36.6,29.9,35.2,26.0,88,0.0,0,0,4.4
2026-04-12 06:23:23,33.5,32.7,33.1,36.6,29.8,35.6,26.0,88,0.0,0,0,4.4
2026-04-12 06:24:23,33.7,33.1,34.0,36.7,29.9,36.0,26.0,88,0.0,0,0,4.4
2026-04-12 06:26:24,33.7,32.4,34.1,36.1,29.9,35.9,26.0,88,0.0,0,0,4.4
2026-04-12 06:27:25,33.9,33.4,34.6,36.5,30.1,36.2,26.0,88,0.0,0,0,4.4
2026-04-12 06:28:25,34.5,33.3,34.2,36.8,30.8,36.1,26.0,88,0.0,0,0,4.4
2026-04-12 06:29:26,34.1,32.9,34.8,36.7,30.8,36.2,26.0,88,0.0,0,0,4.4
2026-04-12 06:30:26,33.9,33.9,34.5,36.6,30.5,36.3,26.0,88,0.0,0,0,4.4
2026-04-12 06:31:26,33.7,33.1,33.8,36.7,30.4,35.8,26.0,88,0.0,0,0,4.4
2026-04-12 06:32:27,33.5,32.8,34.1,36.9,30.9,36.3,26.0,88,0.0,0,0,4.4
2026-04-12 06:33:27,33.9,33.6,34.7,36.5,30.8,36.1,26.0,88,0.0,0,0,4.4
2026-04-12 06:34:28,34.3,33.0,34.1,36.2,30.1,36.5,26.0,88,0.0,0,0,4.4
2026-04-12 06:35:28,33.6,33.5,34.6,36.8,30.3,35.9,26.0,88,0.0,0,0,4.4
2026-04-12 06:36:29,33.6,32.9,34.2,36.4,30.5,35.8,26.0,88,0.0,0,0,4.4
2026-04-12 06:37:29,33.8,33.5,34.6,36.4,30.8,36.5,26.0,88,0.0,0,0,4.4
2026-04-12 06:38:30,34.5,33.8,35.0,37.1,31.2,36.4,26.0,88,0.0,0,0,4.4
2026-04-12 06:39:30,34.4,34.5,35.2,36.7,31.0,36.5,26.0,88,0.0,0,0,4.4
2026-04-12 06:40:31,34.8,34.5,34.8,36.9,31.4,36.8,26.0,88,0.0,0,0,4.4
2026-04-12 06:41:31,34.4,34.1,34.8,36.9,31.2,36.5,26.0,88,0.0,0,0,4.4
2026-04-12 06:42:32,34.3,33.8,35.0,36.2,31.2,36.2,26.0,88,0.0,0,0,4.4
2026-04-12 06:43:32,33.4,34.0,34.3,35.9,30.4,35.9,26.0,88,0.0,0,0,4.4
2026-04-12 06:44:33,34.3,34.4,34.8,35.9,31.1,36.5,26.0,88,0.0,0,0,4.4
2026-04-12 06:45:33,33.7,34.0,34.4,36.2,31.5,36.2,26.0,88,0.0,0,0,4.4
2026-04-12 06:46:34,34.4,33.8,34.5,36.2,30.9,36.2,26.0,88,0.0,0,0,4.4
2026-04-12 06:47:34,34.0,33.7,34.4,36.3,30.6,35.9,26.0,88,0.0,0,0,4.4
2026-04-12 06:48:35,34.0,33.7,34.7,35.6,30.9,35.6,26.0,88,0.0,0,0,4.4
2026-04-12 06:49:35,34.3,33.7,34.5,36.6,31.1,36.1,26.0,88,0.0,0,0,4.4
2026-04-12 06:50:36,34.1,33.5,34.4,35.9,30.9,35.9,26.0,88,0.0,0,0,4.4
2026-04-12 06:51:36,34.4,34.0,34.7,36.4,30.8,35.8,26.0,88,0.0,0,0,4.4
2026-04-12 06:52:36,33.7,33.9,34.3,36.1,30.8,36.2,26.0,88,0.0,0,0,4.4
2026-04-12 06:53:37,34.6,34.0,34.8,36.1,31.1,35.8,26.0,88,0.0,0,0,4.4
2026-04-12 06:54:38,34.3,33.9,34.4,36.2,31.1,36.0,26.0,88,0.0,0,0,4.4
2026-04-12 06:55:38,34.4,34.3,34.4,36.1,32.0,36.2,26.0,88,0.0,0,0,4.4
2026-04-12 06:56:39,34.3,34.3,34.4,36.1,31.1,36.0,26.0,88,0.0,0,0,4.4
2026-04-12 06:57:39,34.4,34.2,35.0,36.9,31.7,36.0,26.0,88,0.0,0,0,4.4
2026-04-12 06:58:39,33.9,34.6,35.3,36.4,31.7,36.6,26.0,88,0.0,0,0,4.4
2026-04-12 06:59:40,34.6,34.8,35.4,36.2,32.1,36.1,26.0,88,0.0,0,0,4.4
2026-04-12 07:00:40,34.4,34.8,35.4,36.5,32.3,36.4,27.5,78,0.0,0,0,5.0
2026-04-12 07:01:41,34.6,34.3,35.6,37.0,31.9,36.4,27.5,78,0.0,0,0,5.0
2026-04-12 07:02:41,34.3,34.6,35.2,37.0,32.0,36.2,27.5,78,0.0,0,0,5.0
2026-04-12 07:03:42,35.2,35.3,35.0,36.4,32.0,36.3,27.5,78,0.0,0,0,5.0
2026-04-12 07:04:42,35.1,35.3,35.8,36.3,32.6,37.1,27.5,78,0.0,0,0,5.0
2026-04-12 07:05:43,34.9,34.9,35.1,36.7,32.6,36.5,27.5,78,0.0,0,0,5.0
2026-04-12 07:06:43,34.1,34.5,35.1,36.6,32.6,36.2,27.5,78,0.0,0,0,5.0
2026-04-12 07:07:44,35.1,34.9,35.1,36.0,33.1,36.3,27.5,78,0.0,0,0,5.0
2026-04-12 07:08:44,35.5,35.5,35.5,36.5,32.8,36.9,27.5,78,0.0,0,0,5.0
2026-04-12 07:09:45,34.9,35.8,35.3,36.7,33.4,36.9,27.5,78,0.0,0,0,5.0
2026-04-12 07:10:45,35.0,35.2,35.5,36.5,32.8,36.6,27.5,78,0.0,0,0,5.0
2026-04-12 07:11:46,35.2,35.5,35.6,37.2,33.1,36.8,27.5,78,0.0,0,0,5.0
2026-04-12 07:12:46,35.6,36.0,35.6,37.1,32.9,37.2,27.5,78,0.0,0,0,5.0
2026-04-12 07:13:47,35.3,35.8,35.3,36.5,32.9,36.9,27.5,78,0.0,0,0,5.0
2026-04-12 07:14:47,35.6,35.9,35.5,37.1,33.2,37.1,27.5,78,0.0,0,0,5.0
2026-04-12 07:15:47,36.0,36.4,36.2,37.6,34.1,37.3,27.5,78,0.0,0,0,5.0
2026-04-12 07:17:48,36.2,36.8,36.6,37.9,33.6,37.2,27.5,78,0.0,0,0,5.0
2026-04-12 07:18:49,36.3,36.6,36.3,37.5,33.9,37.1,27.5,78,0.0,0,0,5.0
2026-04-12 07:19:49,36.6,36.3,36.7,37.4,34.1,37.1,27.5,78,0.0,0,0,5.0
2026-04-12 07:20:50,36.5,37.0,37.4,37.6,33.6,37.9,27.5,78,0.0,0,0,5.0
2026-04-12 07:21:50,36.1,36.9,36.4,37.7,33.7,37.3,27.5,78,0.0,0,0,5.0
2026-04-12 07:22:51,36.1,36.8,36.8,37.5,34.2,37.7,27.5,78,0.0,0,0,5.0
2026-04-12 07:23:51,35.9,36.6,36.0,36.7,33.5,36.7,27.5,78,0.0,0,0,5.0
2026-04-12 07:24:52,36.2,37.3,36.5,37.0,34.4,37.2,27.5,78,0.0,0,0,5.0
2026-04-12 07:25:52,36.2,37.0,36.5,37.2,34.1,37.3,27.5,78,0.0,0,0,5.0
2026-04-12 07:27:53,35.7,36.3,36.0,36.9,33.4,36.6,27.5,78,0.0,0,0,5.0
2026-04-12 07:30:55,36.4,37.5,36.3,37.7,34.1,36.7,27.5,78,0.0,0,0,5.0
2026-04-12 07:31:55,36.7,36.9,36.6,37.2,33.7,36.9,27.5,78,0.0,0,0,5.0
2026-04-12 07:32:56,36.6,36.6,36.6,36.6,33.9,37.0,27.5,78,0.0,0,0,5.0
2026-04-12 07:33:56,36.9,37.2,36.7,37.0,34.1,37.6,27.5,78,0.0,0,0,5.0
2026-04-12 07:34:57,36.9,37.0,37.0,37.2,33.7,37.0,27.5,78,0.0,0,0,5.0
2026-04-12 07:35:57,36.9,36.9,36.9,37.5,34.4,37.5,27.5,78,0.0,0,0,5.0
2026-04-12 07:36:58,36.2,36.7,36.4,37.0,34.7,36.6,27.5,78,0.0,0,0,5.0
2026-04-12 07:37:58,37.3,37.3,36.7,37.9,34.8,37.6,27.5,78,0.0,0,0,5.0
2026-04-12 07:39:59,37.1,37.2,37.4,37.6,34.4,36.9,27.5,78,0.0,0,0,5.0
2026-04-12 07:41:00,37.0,37.7,37.4,38.2,35.2,37.4,27.5,78,0.0,0,0,5.0
2026-04-12 07:42:00,37.1,37.7,37.6,37.6,34.9,37.6,27.5,78,0.0,0,0,5.0
2026-04-12 07:43:01,37.7,38.1,37.6,38.0,35.1,38.2,27.5,78,0.0,0,0,5.0
2026-04-12 07:44:01,37.8,37.3,37.9,38.3,34.8,37.6,27.5,78,0.0,0,0,5.0
2026-04-12 07:45:02,38.1,37.5,37.9,37.9,35.7,38.2,27.5,78,0.0,0,0,5.0
2026-04-12 07:46:02,37.2,38.1,37.2,37.0,34.9,37.1,27.5,78,0.0,0,0,5.0
2026-04-12 07:47:02,37.4,37.5,37.4,37.7,35.2,37.8,27.5,78,0.0,0,0,5.0
2026-04-12 07:48:03,37.6,37.7,37.7,37.7,35.5,37.8,27.5,78,0.0,0,0,5.0
2026-04-12 07:49:03,37.3,37.7,37.3,37.3,34.9,38.1,27.5,78,0.0,0,0,5.0
2026-04-12 07:50:04,38.0,37.4,37.6,37.4,35.2,37.7,27.5,78,0.0,0,0,5.0
2026-04-12 07:51:04,37.3,37.8,38.0,38.1,34.9,37.7,27.5,78,0.0,0,0,5.0
2026-04-12 07:52:05,37.7,37.8,38.1,37.6,35.3,38.0,27.5,78,0.0,0,0,5.0
2026-04-12 07:53:05,37.6,37.4,37.7,38.1,35.3,38.5,27.5,78,0.0,0,0,5.0
2026-04-12 07:54:06,37.6,37.7,38.0,37.8,35.0,38.4,27.5,78,0.0,0,0,5.0
2026-04-12 07:55:06,37.8,37.0,37.4,37.8,35.0,38.1,27.5,78,0.0,0,0,5.0
2026-04-12 07:56:07,38.2,37.8,38.1,38.5,35.2,38.5,27.5,78,0.0,0,0,5.0
2026-04-12 07:57:07,37.9,38.4,38.8,38.8,35.5,39.2,27.5,78,0.0,0,0,5.0
2026-04-12 07:58:08,37.9,38.2,38.3,38.3,35.4,38.4,27.5,78,0.0,0,0,5.0
2026-04-12 07:59:08,38.3,38.8,38.9,39.7,35.8,38.8,27.5,78,0.0,0,0,5.0
2026-04-12 08:00:09,38.5,39.2,38.8,38.8,36.0,39.2,29.7,68,0.0,0,0,7.0
2026-04-12 08:01:09,38.5,39.2,38.6,38.6,36.4,39.2,29.7,68,0.0,0,0,7.0
2026-04-12 08:02:10,38.4,39.2,38.6,38.2,36.0,39.1,29.7,68,0.0,0,0,7.0
2026-04-12 08:03:10,38.5,38.6,39.1,38.8,36.3,38.8,29.7,68,0.0,0,0,7.0
2026-04-12 08:04:11,38.2,39.2,38.9,38.9,36.3,38.5,29.7,68,0.0,0,0,7.0
2026-04-12 08:05:11,38.2,38.8,38.4,38.6,35.0,38.2,29.7,68,0.0,0,0,7.0
2026-04-12 08:06:12,38.6,38.8,39.1,39.2,35.8,38.8,29.7,68,0.0,0,0,7.0
2026-04-12 08:07:12,38.8,39.3,38.8,39.1,36.0,39.2,29.7,68,0.0,0,0,7.0
2026-04-12 08:08:13,39.5,39.5,39.0,39.1,36.3,39.0,29.7,68,0.0,0,0,7.0
2026-04-12 08:09:13,39.3,39.7,38.9,39.1,36.5,38.9,29.7,68,0.0,0,0,7.0
2026-04-12 08:10:14,39.1,39.0,38.7,39.7,35.9,39.1,29.7,68,0.0,0,0,7.0
2026-04-12 08:11:14,39.0,38.9,39.0,38.7,36.2,38.7,29.7,68,0.0,0,0,7.0
2026-04-12 08:12:15,38.6,39.0,38.9,38.3,35.6,38.1,29.7,68,0.0,0,0,7.0
2026-04-12 08:13:15,38.6,39.1,38.9,38.7,36.0,38.5,29.7,68,0.0,0,0,7.0
2026-04-12 08:14:16,38.5,38.7,38.3,38.3,35.6,38.2,29.7,68,0.0,0,0,7.0
2026-04-12 08:15:16,38.3,38.5,38.3,38.3,35.9,38.2,29.7,68,0.0,0,0,7.0
2026-04-12 08:16:17,38.7,39.0,38.9,38.5,36.3,39.0,29.7,68,0.0,0,0,7.0
2026-04-12 08:17:17,39.4,39.5,39.4,39.7,36.8,39.0,29.7,68,0.0,0,0,7.0
2026-04-12 08:18:18,40.1,40.5,39.8,39.9,37.8,40.1,29.7,68,0.0,0,0,7.0
2026-04-12 08:19:18,40.6,40.3,39.7,39.4,37.2,39.8,29.7,68,0.0,0,0,7.0
2026-04-12 08:20:19,40.1,40.5,40.5,39.7,37.4,39.7,29.7,68,0.0,0,0,7.0
2026-04-12 08:21:19,40.5,40.7,39.8,39.5,37.8,40.2,29.7,68,0.0,0,0,7.0
2026-04-12 08:22:20,40.1,40.3,40.2,39.4,37.2,39.9,29.7,68,0.0,0,0,7.0
2026-04-12 08:23:21,40.2,41.0,40.3,40.1,37.4,39.9,29.7,68,0.0,0,0,7.0
2026-04-12 08:24:21,40.3,40.7,40.3,40.3,37.7,40.3,29.7,68,0.0,0,0,7.0
2026-04-12 08:25:21,40.5,41.0,40.1,40.3,37.7,39.9,29.7,68,0.0,0,0,7.0
2026-04-12 08:26:22,41.4,41.4,40.3,40.3,37.9,39.9,29.7,68,0.0,0,0,7.0
2026-04-12 08:27:23,40.6,40.9,40.5,39.9,37.7,39.6,29.7,68,0.0,0,0,7.0
2026-04-12 08:28:23,39.9,40.3,40.0,39.5,36.7,39.3,29.7,68,0.0,0,0,7.0
2026-04-12 08:29:24,39.8,39.8,39.9,39.3,37.1,38.6,29.7,68,0.0,0,0,7.0
2026-04-12 08:30:24,40.2,40.5,39.6,39.9,37.5,39.6,29.7,68,0.0,0,0,7.0
2026-04-12 08:31:25,39.6,39.9,39.9,39.5,37.1,39.6,29.7,68,0.0,0,0,7.0
2026-04-12 08:32:25,39.6,39.9,39.5,39.2,36.8,38.9,29.7,68,0.0,0,0,7.0
2026-04-12 08:33:26,39.9,40.0,39.2,39.2,37.5,39.3,29.7,68,0.0,0,0,7.0
2026-04-12 08:34:27,40.5,40.5,39.6,39.8,37.1,39.5,29.7,68,0.0,0,0,7.0
2026-04-12 08:36:28,40.3,40.9,40.3,40.2,37.2,40.0,29.7,68,0.0,0,0,7.0
2026-04-12 08:37:29,40.2,40.5,39.5,39.9,37.2,39.6,29.7,68,0.0,0,0,7.0
2026-04-12 08:38:29,39.9,39.9,39.5,39.2,37.9,38.9,29.7,68,0.0,0,0,7.0
2026-04-12 08:39:30,39.5,39.5,39.6,39.6,37.0,38.6,29.7,68,0.0,0,0,7.0
2026-04-12 08:40:30,39.9,40.7,39.8,39.6,37.7,39.8,29.7,68,0.0,0,0,7.0
2026-04-12 08:42:31,40.7,40.9,39.9,40.0,38.1,40.2,29.7,68,0.0,0,0,7.0
2026-04-12 08:43:32,40.5,40.3,39.9,39.8,37.5,39.6,29.7,68,0.0,0,0,7.0
2026-04-12 08:44:32,41.0,40.7,40.6,40.9,38.5,41.0,29.7,68,0.0,0,0,7.0
2026-04-12 08:45:33,41.0,41.3,40.5,40.7,38.8,40.3,29.7,68,0.0,0,0,7.0
2026-04-12 08:46:33,41.4,41.3,40.5,40.3,38.4,40.5,29.7,68,0.0,0,0,7.0
2026-04-12 08:47:34,41.4,41.1,40.6,40.6,37.9,40.2,29.7,68,0.0,0,0,7.0
2026-04-12 08:48:34,41.0,40.6,40.0,41.0,38.1,40.2,29.7,68,0.0,0,0,7.0
2026-04-12 08:49:35,40.9,41.4,40.7,40.9,38.2,40.2,29.7,68,0.0,0,0,7.0
2026-04-12 08:51:36,41.2,42.0,41.7,40.9,38.2,41.3,29.7,68,0.0,0,0,7.0
2026-04-12 08:52:36,41.4,41.6,41.2,40.5,37.8,41.2,29.7,68,0.0,0,0,7.0
2026-04-12 08:53:37,41.2,41.6,41.3,39.9,37.9,40.6,29.7,68,0.0,0,0,7.0
2026-04-12 08:54:37,41.0,41.2,41.2,40.2,38.2,41.0,29.7,68,0.0,0,0,7.0
2026-04-12 08:55:38,41.2,41.4,41.4,40.5,38.4,41.3,29.7,68,0.0,0,0,7.0
2026-04-12 08:56:38,41.2,41.4,40.7,39.8,38.7,40.7,29.7,68,0.0,0,0,7.0
2026-04-12 08:57:38,41.2,40.7,40.9,39.9,38.3,40.6,29.7,68,0.0,0,0,7.0
2026-04-12 08:58:39,41.4,41.2,41.3,40.3,38.2,40.3,29.7,68,0.0,0,0,7.0
2026-04-12 08:59:40,41.4,41.4,41.0,40.5,38.2,40.9,29.7,68,0.0,0,0,7.0
2026-04-12 09:00:40,41.0,41.7,41.7,40.5,38.9,41.0,31.8,59,0.0,0,0,7.6
2026-04-12 09:01:40,41.7,40.9,40.9,40.9,38.9,40.7,31.8,59,0.0,0,0,7.6
2026-04-12 09:02:41,41.3,41.4,41.0,40.2,38.7,40.3,31.8,59,0.0,0,0,7.6
2026-04-12 09:03:41,41.0,41.2,40.9,40.2,38.9,40.3,31.8,59,0.0,0,0,7.6
2026-04-12 09:04:42,41.6,41.4,41.3,40.1,38.7,40.5,31.8,59,0.0,0,0,7.6
2026-04-12 09:05:42,40.9,41.0,40.7,40.3,38.6,40.3,31.8,59,0.0,0,0,7.6
2026-04-12 09:06:43,41.4,41.4,41.2,39.7,38.6,40.1,31.8,59,0.0,0,0,7.6
2026-04-12 09:07:43,41.2,41.3,41.6,40.2,38.7,40.6,31.8,59,0.0,0,0,7.6
2026-04-12 09:08:44,41.6,41.9,41.4,41.4,39.0,40.9,31.8,59,0.0,0,0,7.6
2026-04-12 09:09:44,41.3,42.1,41.4,40.5,38.2,40.9,31.8,59,0.0,0,0,7.6
2026-04-12 09:10:45,42.3,42.6,42.1,41.0,39.3,41.4,31.8,59,0.0,0,0,7.6
2026-04-12 09:11:45,42.0,42.1,42.0,41.3,39.1,41.3,31.8,59,0.0,0,0,7.6
2026-04-12 09:12:46,42.5,42.9,42.3,41.7,39.6,41.9,31.8,59,0.0,0,0,7.6
2026-04-12 09:13:46,42.6,42.9,42.7,42.1,40.2,42.3,31.8,59,0.0,0,0,7.6
2026-04-12 09:14:47,42.9,43.1,43.4,42.2,39.9,42.7,31.8,59,0.0,0,0,7.6
2026-04-12 09:15:47,42.7,43.5,43.0,41.3,39.6,42.6,31.8,59,0.0,0,0,7.6
2026-04-12 09:16:48,42.7,43.1,42.0,41.7,39.5,42.3,31.8,59,0.0,0,0,7.6
2026-04-12 09:17:48,42.7,42.6,42.7,42.0,39.5,42.3,31.8,59,0.0,0,0,7.6
2026-04-12 09:18:48,42.6,42.7,42.8,41.6,39.9,42.4,31.8,59,0.0,0,0,7.6
2026-04-12 09:19:49,42.4,43.1,42.4,41.7,39.3,42.4,31.8,59,0.0,0,0,7.6
2026-04-12 09:20:50,42.8,42.7,42.4,41.7,39.6,42.1,31.8,59,0.0,0,0,7.6
2026-04-12 09:21:50,42.7,42.4,42.1,41.2,39.2,41.0,31.8,59,0.0,0,0,7.6
2026-04-12 09:22:51,42.8,42.4,42.7,41.4,38.9,42.0,31.8,59,0.0,0,0,7.6
2026-04-12 09:23:51,43.1,42.6,42.6,41.6,39.3,42.1,31.8,59,0.0,0,0,7.6
2026-04-12 09:24:52,43.0,42.4,42.4,41.9,39.9,42.0,31.8,59,0.0,0,0,7.6
2026-04-12 09:25:52,43.0,42.6,42.8,42.0,39.3,41.9,31.8,59,0.0,0,0,7.6
2026-04-12 09:26:53,43.3,43.0,42.8,41.9,39.6,42.0,31.8,59,0.0,0,0,7.6
2026-04-12 09:27:53,43.1,43.0,43.0,41.7,39.6,42.3,31.8,59,0.0,0,0,7.6
2026-04-12 09:28:54,43.7,43.4,42.6,41.9,39.5,42.0,31.8,59,0.0,0,0,7.6
2026-04-12 09:29:55,43.3,43.3,42.8,41.6,39.9,41.7,31.8,59,0.0,0,0,7.6
2026-04-12 09:30:55,42.4,42.6,42.1,41.2,39.3,41.2,31.8,59,0.0,0,0,7.6
2026-04-12 09:31:56,42.8,42.8,42.3,41.0,39.3,41.7,31.8,59,0.0,0,0,7.6
2026-04-12 09:32:56,42.7,42.7,42.7,40.9,39.2,40.9,31.8,59,0.0,0,0,7.6
2026-04-12 09:33:57,42.0,42.1,42.4,40.7,39.3,40.7,31.8,59,0.0,0,0,7.6
2026-04-12 09:34:58,42.0,41.9,41.9,40.0,38.9,40.3,31.8,59,0.0,0,0,7.6
2026-04-12 09:35:59,42.3,42.1,42.0,41.2,39.3,41.2,31.8,59,0.0,0,0,7.6
2026-04-12 09:36:59,42.8,42.1,42.0,41.2,39.3,41.9,31.8,59,0.0,0,0,7.6
2026-04-12 09:38:00,42.4,42.3,42.6,41.6,39.6,41.4,31.8,59,0.0,0,0,7.6
2026-04-12 09:39:00,42.7,42.0,41.9,41.2,39.3,42.0,31.8,59,0.0,0,0,7.6
2026-04-12 09:40:01,43.0,42.3,42.6,41.9,40.0,41.7,31.8,59,0.0,0,0,7.6
2026-04-12 09:41:01,43.3,42.7,43.1,41.2,39.5,41.6,31.8,59,0.0,0,0,7.6
2026-04-12 09:42:02,42.6,42.8,43.0,41.4,38.8,41.6,31.8,59,0.0,0,0,7.6
2026-04-12 09:43:02,42.8,43.1,43.0,41.9,40.0,42.4,31.8,59,0.0,0,0,7.6
2026-04-12 09:44:03,43.3,42.7,43.0,41.7,39.9,42.0,31.8,59,0.0,0,0,7.6
2026-04-12 09:45:03,43.1,43.3,42.8,41.9,39.8,42.3,31.8,59,0.0,0,0,7.6
2026-04-12 09:46:04,43.7,43.1,43.5,42.1,39.8,42.1,31.8,59,0.0,0,0,7.6
2026-04-12 09:47:04,43.8,43.5,43.5,42.7,40.2,42.3,31.8,59,0.0,0,0,7.6
2026-04-12 09:48:05,44.1,43.5,43.3,42.4,39.9,42.1,31.8,59,0.0,0,0,7.6
2026-04-12 09:49:05,44.1,43.5,44.0,42.1,39.8,42.4,31.8,59,0.0,0,0,7.6
2026-04-12 09:50:06,44.4,43.7,44.2,43.0,40.0,42.7,31.8,59,0.0,0,0,7.6
2026-04-12 09:51:06,44.7,44.2,44.0,42.6,40.6,42.6,31.8,59,0.0,0,0,7.6
2026-04-12 09:52:07,44.2,43.8,43.8,42.4,39.9,42.6,31.8,59,0.0,0,0,7.6
2026-04-12 09:53:07,44.2,43.5,44.2,42.1,40.5,42.1,31.8,59,0.0,0,0,7.6
2026-04-12 09:54:08,43.9,43.1,43.7,41.0,39.2,41.6,31.8,59,0.0,0,0,7.6
2026-04-12 09:55:08,43.8,43.3,43.4,41.4,39.5,41.7,31.8,59,0.0,0,0,7.6
2026-04-12 09:56:09,43.5,43.3,43.7,40.9,39.4,41.9,31.8,59,0.0,0,0,7.6
2026-04-12 09:57:09,43.3,43.3,43.5,41.8,39.9,43.0,31.8,59,0.0,0,0,7.6
2026-04-12 09:58:10,43.7,43.8,44.2,42.3,39.8,43.0,31.8,59,0.0,0,0,7.6
2026-04-12 09:59:10,44.1,43.8,44.3,43.1,40.3,43.8,31.8,59,0.0,0,0,7.6
2026-04-12 10:00:11,44.9,43.5,43.9,43.4,40.0,43.3,33.8,50,0.0,0,11,7.0
2026-04-12 10:01:11,44.3,43.7,44.2,43.3,39.9,43.4,33.8,50,0.0,0,11,7.0
2026-04-12 10:02:12,44.3,44.1,44.1,43.1,39.8,43.3,33.8,50,0.0,0,11,7.0
2026-04-12 10:03:12,44.6,43.8,44.2,43.7,39.9,43.5,33.8,50,0.0,0,11,7.0
2026-04-12 10:04:13,45.0,43.9,44.3,43.3,40.2,43.8,33.8,50,0.0,0,11,7.0
2026-04-12 10:05:13,44.1,43.8,43.8,43.5,40.5,43.3,33.8,50,0.0,0,11,7.0
2026-04-12 10:06:14,44.7,44.9,44.9,43.7,40.6,43.5,33.8,50,0.0,0,11,7.0
2026-04-12 10:07:14,45.0,44.2,44.3,43.9,40.0,43.7,33.8,50,0.0,0,11,7.0
2026-04-12 10:08:15,45.4,44.5,44.6,43.4,40.5,43.7,33.8,50,0.0,0,11,7.0
2026-04-12 10:09:15,44.6,44.5,44.6,44.1,41.2,43.5,33.8,50,0.0,0,11,7.0
2026-04-12 10:10:16,45.0,44.6,44.9,43.3,41.2,43.1,33.8,50,0.0,0,11,7.0
2026-04-12 10:11:16,45.3,45.1,45.3,44.2,41.0,44.5,33.8,50,0.0,0,11,7.0
2026-04-12 10:12:17,45.4,44.3,44.7,43.0,41.3,43.5,33.8,50,0.0,0,11,7.0
2026-04-12 10:13:17,45.3,44.1,44.9,43.4,40.5,43.4,33.8,50,0.0,0,11,7.0
2026-04-12 10:14:17,44.9,43.5,44.1,43.1,40.5,43.0,33.8,50,0.0,0,11,7.0
2026-04-12 10:15:18,44.5,43.7,44.5,43.4,41.0,43.0,33.8,50,0.0,0,11,7.0
2026-04-12 10:16:18,44.3,43.8,43.7,43.4,40.0,42.6,33.8,50,0.0,0,11,7.0
2026-04-12 10:17:19,44.5,43.9,44.2,43.4,40.5,42.7,33.8,50,0.0,0,11,7.0
2026-04-12 10:18:19,44.6,43.8,44.3,43.4,40.7,43.0,33.8,50,0.0,0,11,7.0
2026-04-12 10:19:20,45.3,45.0,45.0,43.9,41.6,43.8,33.8,50,0.0,0,11,7.0
2026-04-12 10:21:21,44.5,43.7,44.2,43.3,39.9,43.5,33.8,50,0.0,0,11,7.0
2026-04-12 10:22:21,44.3,43.9,44.3,43.5,39.9,43.4,33.8,50,0.0,0,11,7.0
2026-04-12 10:23:22,44.9,44.1,44.9,43.7,40.0,43.5,33.8,50,0.0,0,11,7.0
2026-04-12 10:24:22,44.9,44.7,44.6,43.4,41.0,43.8,33.8,50,0.0,0,11,7.0
2026-04-12 10:25:23,44.3,43.9,44.2,43.1,40.3,43.3,33.8,50,0.0,0,11,7.0
2026-04-12 10:26:23,45.0,44.7,45.0,43.8,40.9,43.9,33.8,50,0.0,0,11,7.0
2026-04-12 10:27:24,45.0,44.7,44.9,44.2,40.9,43.9,33.8,50,0.0,0,11,7.0
2026-04-12 10:28:24,45.5,44.7,45.1,44.4,41.3,44.5,33.8,50,0.0,0,11,7.0
2026-04-12 10:29:25,45.9,44.4,45.2,44.9,41.7,44.7,33.8,50,0.0,0,11,7.0
2026-04-12 10:30:25,46.1,44.9,46.1,44.1,41.3,44.9,33.8,50,0.0,0,11,7.0
2026-04-12 10:31:26,46.2,45.1,45.9,45.0,42.2,45.1,33.8,50,0.0,0,11,7.0
2026-04-12 10:32:26,45.7,44.3,45.7,44.6,41.2,44.5,33.8,50,0.0,0,11,7.0
2026-04-12 10:33:26,44.2,43.8,44.7,43.4,40.5,43.5,33.8,50,0.0,0,11,7.0
2026-04-12 10:34:27,44.5,43.9,44.7,43.1,40.9,43.0,33.8,50,0.0,0,11,7.0
2026-04-12 10:35:27,44.3,43.9,44.9,43.5,41.3,43.4,33.8,50,0.0,0,11,7.0
2026-04-12 10:36:28,44.5,43.8,44.7,43.4,40.8,43.4,33.8,50,0.0,0,11,7.0
2026-04-12 10:37:28,44.6,43.8,44.7,43.3,40.9,43.5,33.8,50,0.0,0,11,7.0
2026-04-12 10:38:29,44.6,44.2,45.4,43.5,40.6,43.3,33.8,50,0.0,0,11,7.0
2026-04-12 10:39:29,44.6,44.3,45.3,43.3,41.5,44.5,33.8,50,0.0,0,11,7.0
2026-04-12 10:40:30,44.7,44.1,45.3,44.1,41.7,43.7,33.8,50,0.0,0,11,7.0
2026-04-12 10:41:30,44.7,44.2,45.3,44.3,41.4,43.7,33.8,50,0.0,0,11,7.0
2026-04-12 10:43:31,45.5,44.2,45.3,44.1,42.0,44.2,33.8,50,0.0,0,11,7.0
2026-04-12 10:44:32,45.4,45.0,45.5,44.6,42.0,44.6,33.8,50,0.0,0,11,7.0
2026-04-12 10:45:32,45.7,44.3,45.7,45.3,42.3,44.6,33.8,50,0.0,0,11,7.0
2026-04-12 10:46:33,45.3,44.5,45.4,44.5,41.6,44.6,33.8,50,0.0,0,11,7.0
2026-04-12 10:47:33,45.4,44.6,45.7,44.5,42.0,44.2,33.8,50,0.0,0,11,7.0
2026-04-12 10:48:34,45.4,44.6,45.7,44.2,41.7,44.3,33.8,50,0.0,0,11,7.0
2026-04-12 10:49:35,44.9,44.3,45.8,43.9,41.6,44.2,33.8,50,0.0,0,11,7.0
2026-04-12 10:50:35,45.7,44.5,45.9,44.6,41.4,44.5,33.8,50,0.0,0,11,7.0
2026-04-12 10:51:36,46.5,45.5,46.5,45.3,42.1,45.1,33.8,50,0.0,0,11,7.0
2026-04-12 10:52:36,45.8,44.8,46.5,44.9,42.3,45.4,33.8,50,0.0,0,11,7.0
2026-04-12 10:53:37,45.9,44.5,46.1,45.1,42.1,44.7,33.8,50,0.0,0,11,7.0
2026-04-12 10:54:37,45.5,44.4,45.8,44.8,41.7,44.0,33.8,50,0.0,0,11,7.0
2026-04-12 10:55:38,45.2,44.7,46.5,45.5,42.3,44.8,33.8,50,0.0,0,11,7.0
2026-04-12 10:56:38,45.8,45.2,46.7,46.2,41.3,45.6,33.8,50,0.0,0,11,7.0
2026-04-12 10:57:38,46.1,45.2,46.2,45.4,42.3,44.8,33.8,50,0.0,0,11,7.0
2026-04-12 10:58:39,45.4,44.4,45.8,44.8,42.1,45.2,33.8,50,0.0,0,11,7.0
2026-04-12 10:59:39,45.2,44.2,46.5,44.5,41.7,45.4,33.8,50,0.0,0,11,7.0
2026-04-12 11:00:40,45.5,44.2,46.5,45.4,42.3,44.9,35.5,41,0.0,1,23,6.7
2026-04-12 11:01:40,45.1,44.1,45.5,44.8,41.9,45.4,35.5,41,0.0,1,23,6.7
2026-04-12 11:02:41,45.4,44.9,46.2,44.8,42.0,44.7,35.5,41,0.0,1,23,6.7
2026-04-12 11:03:41,44.7,44.4,45.8,44.1,41.6,44.5,35.5,41,0.0,1,23,6.7
2026-04-12 11:04:42,44.4,44.0,45.2,44.8,41.6,45.2,35.5,41,0.0,1,23,6.7
2026-04-12 11:05:42,44.8,44.8,45.6,44.5,41.7,45.1,35.5,41,0.0,1,23,6.7
2026-04-12 11:06:43,45.1,44.9,46.5,45.2,42.1,45.8,35.5,41,0.0,1,23,6.7
2026-04-12 11:07:43,44.8,44.1,45.8,44.7,41.7,45.5,35.5,41,0.0,1,23,6.7
2026-04-12 11:08:44,45.6,44.4,45.9,45.2,41.7,45.4,35.5,41,0.0,1,23,6.7
2026-04-12 11:09:44,45.5,44.2,46.5,44.7,41.9,45.1,35.5,41,0.0,1,23,6.7
2026-04-12 11:10:45,45.9,45.1,46.6,44.9,42.3,46.1,35.5,41,0.0,1,23,6.7
2026-04-12 11:11:45,45.5,44.5,46.7,45.4,42.0,45.5,35.5,41,0.0,1,23,6.7
2026-04-12 11:12:46,45.6,44.4,46.5,45.4,42.1,46.1,35.5,41,0.0,1,23,6.7
2026-04-12 11:13:46,46.2,44.5,46.5,45.5,42.8,45.9,35.5,41,0.0,1,23,6.7
2026-04-12 11:14:47,45.6,44.4,46.3,45.8,41.9,45.8,35.5,41,0.0,1,23,6.7
2026-04-12 11:15:47,45.1,44.4,46.6,44.9,42.3,45.2,35.5,41,0.0,1,23,6.7
2026-04-12 11:16:48,44.1,44.0,45.8,44.1,41.9,44.4,35.5,41,0.0,1,23,6.7
2026-04-12 11:17:48,45.5,45.2,46.3,45.6,43.0,45.6,35.5,41,0.0,1,23,6.7
2026-04-12 11:18:49,46.1,45.5,47.4,46.1,43.3,45.8,35.5,41,0.0,1,23,6.7
2026-04-12 11:19:49,46.1,45.1,47.3,45.5,42.6,45.6,35.5,41,0.0,1,23,6.7
2026-04-12 11:20:50,45.9,45.5,47.4,45.8,42.4,45.1,35.5,41,0.0,1,23,6.7
2026-04-12 11:21:50,46.5,45.1,47.4,45.4,42.8,45.6,35.5,41,0.0,1,23,6.7
2026-04-12 11:22:51,45.9,44.9,46.9,45.1,43.3,44.9,35.5,41,0.0,1,23,6.7
2026-04-12 11:23:51,45.9,45.8,47.3,45.8,43.3,45.4,35.5,41,0.0,1,23,6.7
2026-04-12 11:24:52,45.8,45.7,47.8,45.4,43.3,45.3,35.5,41,0.0,1,23,6.7
2026-04-12 11:26:53,45.7,44.7,47.3,45.4,42.4,45.3,35.5,41,0.0,1,23,6.7
2026-04-12 11:27:53,44.9,44.5,46.9,44.6,41.8,45.0,35.5,41,0.0,1,23,6.7
2026-04-12 11:28:54,45.0,44.2,45.9,44.5,41.9,44.9,35.5,41,0.0,1,23,6.7
2026-04-12 11:29:54,45.2,44.2,45.8,44.2,41.7,45.4,35.5,41,0.0,1,23,6.7
2026-04-12 11:30:55,44.8,44.2,46.1,44.2,41.6,45.5,35.5,41,0.0,1,23,6.7
2026-04-12 11:31:55,45.1,44.8,46.3,45.6,42.3,45.6,35.5,41,0.0,1,23,6.7
2026-04-12 11:32:56,45.2,44.4,46.7,44.9,43.0,45.6,35.5,41,0.0,1,23,6.7
2026-04-12 11:33:56,44.7,44.7,46.5,45.4,42.3,45.4,35.5,41,0.0,1,23,6.7
2026-04-12 11:34:57,44.5,45.1,46.2,45.1,42.3,45.8,35.5,41,0.0,1,23,6.7
2026-04-12 11:35:57,44.4,44.1,45.6,44.1,42.1,44.4,35.5,41,0.0,1,23,6.7
2026-04-12 11:36:58,44.8,44.4,46.3,44.8,41.7,45.4,35.5,41,0.0,1,23,6.7
2026-04-12 11:37:58,44.8,44.2,46.3,45.8,42.4,45.6,35.5,41,0.0,1,23,6.7
2026-04-12 11:38:59,46.2,45.6,47.3,46.3,43.4,47.0,35.5,41,0.0,1,23,6.7
2026-04-12 11:39:59,46.3,45.8,47.0,46.5,43.1,47.1,35.5,41,0.0,1,23,6.7
2026-04-12 11:41:00,46.2,45.4,47.1,46.2,43.0,46.1,35.5,41,0.0,1,23,6.7
2026-04-12 11:42:00,46.6,45.8,47.5,47.0,43.0,46.6,35.5,41,0.0,1,23,6.7
2026-04-12 11:43:01,46.1,46.1,47.4,46.2,43.3,46.3,35.5,41,0.0,1,23,6.7
2026-04-12 11:44:01,46.5,45.8,47.3,46.7,43.3,46.5,35.5,41,0.0,1,23,6.7
2026-04-12 11:45:02,46.5,45.9,47.8,47.0,43.4,46.6,35.5,41,0.0,1,23,6.7
2026-04-12 11:46:02,46.3,45.8,47.5,47.0,43.4,46.9,35.5,41,0.0,1,23,6.7
2026-04-12 11:47:03,46.3,45.1,47.9,46.1,43.1,47.0,35.5,41,0.0,1,23,6.7
2026-04-12 11:48:03,45.9,45.4,47.6,46.2,42.7,46.5,35.5,41,0.0,1,23,6.7
2026-04-12 11:49:03,46.2,45.1,48.3,46.5,42.7,46.8,35.5,41,0.0,1,23,6.7
2026-04-12 11:50:04,45.1,45.0,46.9,45.9,42.4,46.2,35.5,41,0.0,1,23,6.7
2026-04-12 11:51:05,45.7,45.0,47.3,46.1,42.8,46.1,35.5,41,0.0,1,23,6.7
2026-04-12 11:52:05,45.7,45.1,47.5,46.3,43.1,46.5,35.5,41,0.0,1,23,6.7
2026-04-12 11:53:06,46.2,45.5,48.2,47.3,43.3,46.9,35.5,41,0.0,1,23,6.7
2026-04-12 11:54:06,46.3,45.8,48.4,47.6,43.9,47.2,35.5,41,0.0,1,23,6.7
2026-04-12 11:56:08,46.8,45.5,48.6,47.9,43.8,47.5,35.5,41,0.0,1,23,6.7
2026-04-12 11:57:08,46.6,45.8,48.7,48.0,43.8,48.0,35.5,41,0.0,1,23,6.7
2026-04-12 11:58:09,46.6,46.2,49.1,48.1,44.2,47.5,35.5,41,0.0,1,23,6.7
2026-04-12 11:59:09,47.0,46.5,48.7,48.2,44.2,48.1,35.5,41,0.0,1,23,6.7
2026-04-12 12:00:09,46.6,45.4,48.9,47.9,43.7,47.7,36.5,36,0.0,1,26,8.1
2026-04-12 12:01:10,45.9,44.5,47.8,46.6,42.3,46.9,36.5,36,0.0,1,26,8.1
2026-04-12 12:02:11,46.2,45.2,48.2,46.7,43.8,47.3,36.5,36,0.0,1,26,8.1
2026-04-12 12:03:11,45.8,44.9,48.2,46.5,42.8,47.3,36.5,36,0.0,1,26,8.1
2026-04-12 12:04:12,46.5,44.9,47.9,47.1,43.3,47.1,36.5,36,0.0,1,26,8.1
2026-04-12 12:05:12,45.6,45.4,47.9,47.3,43.0,46.9,36.5,36,0.0,1,26,8.1
2026-04-12 12:06:13,45.4,44.8,47.9,46.2,43.1,46.7,36.5,36,0.0,1,26,8.1
2026-04-12 12:07:13,45.9,45.4,47.8,46.9,43.4,47.1,36.5,36,0.0,1,26,8.1
2026-04-12 12:08:14,45.9,44.8,47.8,46.1,43.1,46.9,36.5,36,0.0,1,26,8.1
2026-04-12 12:09:14,44.9,44.4,47.3,45.5,42.6,46.3,36.5,36,0.0,1,26,8.1
2026-04-12 12:10:15,45.5,45.1,48.3,47.0,42.6,46.5,36.5,36,0.0,1,26,8.1
2026-04-12 12:11:15,46.1,45.2,48.7,47.8,42.6,47.1,36.5,36,0.0,1,26,8.1
2026-04-12 12:12:16,45.8,45.1,48.5,47.5,42.8,47.4,36.5,36,0.0,1,26,8.1
2026-04-12 12:13:16,46.2,45.8,48.6,47.7,43.5,47.3,36.5,36,0.0,1,26,8.1
2026-04-12 12:14:17,46.3,45.9,48.9,47.8,44.0,47.8,36.5,36,0.0,1,26,8.1
2026-04-12 12:15:17,45.9,44.4,48.9,47.8,43.4,47.0,36.5,36,0.0,1,26,8.1
2026-04-12 12:16:18,44.8,44.2,47.9,46.2,42.1,46.3,36.5,36,0.0,1,26,8.1
2026-04-12 12:17:18,44.2,43.8,47.4,45.5,42.1,46.3,36.5,36,0.0,1,26,8.1
2026-04-12 12:18:19,44.0,43.1,46.7,45.4,41.7,45.5,36.5,36,0.0,1,26,8.1
2026-04-12 12:19:19,44.1,43.8,47.4,46.3,42.3,46.1,36.5,36,0.0,1,26,8.1
2026-04-12 12:20:20,44.7,44.5,47.7,47.0,42.4,46.6,36.5,36,0.0,1,26,8.1
2026-04-12 12:21:20,45.5,44.5,48.3,47.0,43.3,46.7,36.5,36,0.0,1,26,8.1
2026-04-12 12:22:21,45.6,44.8,48.1,46.7,43.4,46.7,36.5,36,0.0,1,26,8.1
2026-04-12 12:23:21,45.5,44.9,48.3,47.1,43.8,46.3,36.5,36,0.0,1,26,8.1
2026-04-12 12:24:22,46.2,45.9,48.7,47.9,44.1,47.1,36.5,36,0.0,1,26,8.1
2026-04-12 12:25:22,46.2,45.6,49.1,48.2,44.2,47.5,36.5,36,0.0,1,26,8.1
2026-04-12 12:26:23,46.3,45.5,49.7,47.9,45.2,47.1,36.5,36,0.0,1,26,8.1
2026-04-12 12:27:23,45.9,45.5,49.1,47.8,43.8,47.3,36.5,36,0.0,1,26,8.1
2026-04-12 12:28:23,44.2,44.2,47.7,46.2,41.9,46.5,36.5,36,0.0,1,26,8.1
2026-04-12 12:29:24,44.5,44.0,47.0,46.1,41.7,46.2,36.5,36,0.0,1,26,8.1
2026-04-12 12:30:24,44.0,43.7,47.3,46.1,41.7,46.3,36.5,36,0.0,1,26,8.1
2026-04-12 12:31:25,44.2,44.1,47.1,45.9,41.6,46.1,36.5,36,0.0,1,26,8.1
2026-04-12 12:32:25,44.9,44.5,47.7,46.2,42.6,46.6,36.5,36,0.0,1,26,8.1
2026-04-12 12:33:26,45.1,44.5,47.9,47.1,43.7,46.7,36.5,36,0.0,1,26,8.1
2026-04-12 12:34:26,45.2,44.9,48.3,47.3,43.7,47.4,36.5,36,0.0,1,26,8.1
2026-04-12 12:35:27,45.4,45.1,48.1,47.5,43.4,47.1,36.5,36,0.0,1,26,8.1
2026-04-12 12:36:27,45.4,44.9,48.2,47.1,42.7,47.1,36.5,36,0.0,1,26,8.1
2026-04-12 12:37:28,45.4,45.2,48.6,47.5,43.1,47.4,36.5,36,0.0,1,26,8.1
2026-04-12 12:38:28,45.5,45.1,48.3,47.0,43.5,47.0,36.5,36,0.0,1,26,8.1
2026-04-12 12:39:30,45.6,44.9,48.4,47.7,43.4,47.2,36.5,36,0.0,1,26,8.1
2026-04-12 12:40:30,44.9,44.7,48.0,48.2,43.4,47.6,36.5,36,0.0,1,26,8.1
2026-04-12 12:41:31,45.4,44.9,48.0,47.3,43.0,46.9,36.5,36,0.0,1,26,8.1
2026-04-12 12:42:31,44.9,44.7,47.7,47.7,42.4,46.8,36.5,36,0.0,1,26,8.1
2026-04-12 12:43:32,44.9,44.2,47.7,47.3,43.4,46.6,36.5,36,0.0,1,26,8.1
2026-04-12 12:44:32,45.6,45.2,48.4,47.7,44.2,47.0,36.5,36,0.0,1,26,8.1
2026-04-12 12:46:33,45.5,45.4,48.3,48.3,44.1,47.7,36.5,36,0.0,1,26,8.1
2026-04-12 12:47:34,46.2,45.5,49.3,49.1,44.4,48.3,36.5,36,0.0,1,26,8.1
2026-04-12 12:48:34,45.5,45.5,48.3,48.0,43.3,48.2,36.5,36,0.0,1,26,8.1
2026-04-12 12:49:34,45.2,45.5,48.4,47.7,42.4,47.5,36.5,36,0.0,1,26,8.1
2026-04-12 12:50:35,44.2,44.1,47.7,46.9,41.4,47.2,36.5,36,0.0,1,26,8.1
2026-04-12 12:51:35,45.4,44.7,47.9,47.5,42.3,47.6,36.5,36,0.0,1,26,8.1
2026-04-12 12:53:36,44.8,44.0,47.2,47.5,41.7,46.6,36.5,36,0.0,1,26,8.1
2026-04-12 12:54:37,44.4,44.0,47.0,47.4,41.2,46.7,36.5,36,0.0,1,26,8.1
2026-04-12 12:55:38,44.4,44.1,46.7,46.5,41.6,46.6,36.5,36,0.0,1,26,8.1
2026-04-12 12:56:38,43.8,43.4,46.9,47.1,41.4,46.5,36.5,36,0.0,1,26,8.1
2026-04-12 12:57:38,44.1,43.4,46.9,46.9,40.6,46.7,36.5,36,0.0,1,26,8.1
2026-04-12 12:58:39,44.0,43.7,46.3,46.9,41.4,46.5,36.5,36,0.0,1,26,8.1
2026-04-12 12:59:40,43.5,43.7,46.5,46.2,41.3,46.6,36.5,36,0.0,1,26,8.1
2026-04-12 13:00:40,44.6,44.3,47.0,46.8,41.6,46.8,36.0,39,0.0,1,37,8.5
2026-04-12 13:01:40,45.1,44.7,48.0,48.0,43.3,47.0,36.0,39,0.0,1,37,8.5
2026-04-12 13:02:41,45.1,44.7,47.2,46.9,42.2,47.3,36.0,39,0.0,1,37,8.5
2026-04-12 13:03:41,45.3,44.9,48.0,47.5,42.7,46.9,36.0,39,0.0,1,37,8.5
2026-04-12 13:05:42,45.8,46.6,48.6,47.7,43.7,47.3,36.0,39,0.0,1,37,8.5
2026-04-12 13:06:43,46.1,45.8,48.7,48.3,44.0,47.8,36.0,39,0.0,1,37,8.5
2026-04-12 13:07:43,46.9,46.2,49.4,48.6,44.0,48.5,36.0,39,0.0,1,37,8.5
2026-04-12 13:08:44,46.1,46.1,48.9,48.9,44.2,47.7,36.0,39,0.0,1,37,8.5
2026-04-12 13:09:44,44.8,44.9,47.9,47.5,43.0,46.8,36.0,39,0.0,1,37,8.5
2026-04-12 13:10:45,45.4,45.4,48.4,47.6,43.5,47.2,36.0,39,0.0,1,37,8.5
2026-04-12 13:11:45,45.6,44.8,48.0,47.0,43.5,46.6,36.0,39,0.0,1,37,8.5
2026-04-12 13:12:46,45.2,44.8,48.7,47.3,43.7,47.3,36.0,39,0.0,1,37,8.5
2026-04-12 13:13:46,45.5,44.5,47.7,47.0,44.0,47.2,36.0,39,0.0,1,37,8.5
2026-04-12 13:14:47,45.6,44.7,48.3,47.3,43.8,47.5,36.0,39,0.0,1,37,8.5
2026-04-12 13:15:47,45.4,45.2,48.0,47.9,43.8,47.0,36.0,39,0.0,1,37,8.5
2026-04-12 13:16:48,45.5,45.2,48.4,47.7,43.5,47.0,36.0,39,0.0,1,37,8.5
2026-04-12 13:17:48,45.7,44.6,48.7,47.7,43.9,48.0,36.0,39,0.0,1,37,8.5
2026-04-12 13:18:49,45.8,45.1,48.7,48.0,43.5,47.3,36.0,39,0.0,1,37,8.5
2026-04-12 13:19:49,44.7,44.5,48.2,48.2,43.8,46.5,36.0,39,0.0,1,37,8.5
2026-04-12 13:20:50,44.6,44.2,47.9,47.7,43.3,46.6,36.0,39,0.0,1,37,8.5
2026-04-12 13:21:50,44.3,43.9,47.7,47.3,42.7,46.2,36.0,39,0.0,1,37,8.5
2026-04-12 13:22:51,44.5,44.2,47.3,47.0,41.9,46.5,36.0,39,0.0,1,37,8.5
2026-04-12 13:23:51,45.0,44.6,48.0,48.4,43.4,47.2,36.0,39,0.0,1,37,8.5
2026-04-12 13:24:52,45.1,45.0,48.6,48.4,43.9,47.0,36.0,39,0.0,1,37,8.5
2026-04-12 13:25:52,45.5,45.0,48.4,48.0,43.9,47.2,36.0,39,0.0,1,37,8.5
2026-04-12 13:26:53,45.5,45.5,48.7,48.9,43.9,47.6,36.0,39,0.0,1,37,8.5
2026-04-12 13:27:53,46.2,45.1,48.3,48.2,44.4,47.9,36.0,39,0.0,1,37,8.5
2026-04-12 13:28:54,45.2,45.4,47.8,48.2,44.1,47.4,36.0,39,0.0,1,37,8.5
2026-04-12 13:29:54,45.4,45.1,48.2,48.3,43.7,47.4,36.0,39,0.0,1,37,8.5
2026-04-12 13:30:55,45.5,44.7,48.1,47.9,43.1,46.7,36.0,39,0.0,1,37,8.5
2026-04-12 13:31:55,44.5,44.2,47.7,47.0,42.5,46.3,36.0,39,0.0,1,37,8.5
2026-04-12 13:32:56,44.5,44.2,47.4,47.7,42.5,46.3,36.0,39,0.0,1,37,8.5
2026-04-12 13:33:56,45.1,44.5,48.1,47.7,43.1,46.3,36.0,39,0.0,1,37,8.5
2026-04-12 13:34:57,44.9,44.7,48.1,47.7,43.1,47.1,36.0,39,0.0,1,37,8.5
2026-04-12 13:35:58,44.5,44.8,47.8,47.7,42.5,46.7,36.0,39,0.0,1,37,8.5
2026-04-12 13:36:58,44.4,44.5,47.7,47.7,42.1,47.4,36.0,39,0.0,1,37,8.5
2026-04-12 13:37:59,45.2,44.4,48.1,47.4,42.2,46.5,36.0,39,0.0,1,37,8.5
2026-04-12 13:38:59,44.8,44.1,47.7,47.1,42.1,46.2,36.0,39,0.0,1,37,8.5
2026-04-12 13:40:00,45.4,44.7,48.2,47.3,43.1,46.9,36.0,39,0.0,1,37,8.5
2026-04-12 13:41:01,45.1,44.7,48.5,47.3,43.5,46.9,36.0,39,0.0,1,37,8.5
2026-04-12 13:42:01,45.2,44.8,49.0,47.8,44.2,47.4,36.0,39,0.0,1,37,8.5
2026-04-12 13:43:02,45.4,44.9,48.5,48.7,44.1,47.3,36.0,39,0.0,1,37,8.5
2026-04-12 13:44:03,45.4,45.2,49.5,48.2,44.4,47.3,36.0,39,0.0,1,37,8.5
2026-04-12 13:45:04,45.5,45.6,49.4,48.5,44.5,47.7,36.0,39,0.0,1,37,8.5
2026-04-12 13:46:04,45.2,45.5,49.7,48.1,44.4,47.4,36.0,39,0.0,1,37,8.5
2026-04-12 13:47:05,45.9,45.6,49.3,48.5,44.2,47.1,36.0,39,0.0,1,37,8.5
2026-04-12 13:48:06,46.2,45.9,49.8,49.3,44.8,48.0,36.0,39,0.0,1,37,8.5
2026-04-12 13:49:06,45.9,45.9,49.5,48.9,44.5,48.0,36.0,39,0.0,1,37,8.5
2026-04-12 13:51:08,46.5,46.3,49.9,49.7,45.1,48.4,36.0,39,0.0,1,37,8.5
2026-04-12 13:52:08,45.4,45.5,49.4,47.3,43.4,47.9,36.0,39,0.0,1,37,8.5
2026-04-12 13:53:09,44.7,45.1,48.7,47.9,42.7,47.5,36.0,39,0.0,1,37,8.5
2026-04-12 13:54:09,44.5,44.1,48.0,47.0,42.4,46.3,36.0,39,0.0,1,37,8.5
2026-04-12 13:55:10,44.5,44.7,47.7,47.2,42.0,47.0,36.0,39,0.0,1,37,8.5
2026-04-12 13:56:10,44.2,44.4,48.0,47.7,41.7,47.0,36.0,39,0.0,1,37,8.5
